date,value
1996-06-01,48.1657
1996-07-01,53.134034
1996-08-01,50.144709
1996-09-01,51.665432
1996-10-01,52.112131
1996-11-01,54.336682
1996-12-01,54.518324
1997-01-01,57.032188
1997-02-01,55.720423
1997-03-01,55.602801
1997-04-01,55.129717
1997-05-01,59.47735
1997-06-01,59.243094
1997-07-01,56.439551
1997-08-01,59.148256
1997-09-01,60.300302
1997-10-01,60.438271
1997-11-01,59.908182
1997-12-01,60.001889
1998-01-01,58.573426
1998-02-01,56.123183
1998-03-01,56.885973
1998-04-01,57.335869
1998-05-01,54.047893
1998-06-01,51.555707
1998-07-01,47.912961
1998-08-01,52.434777
1998-09-01,47.844173
1998-10-01,48.182839
1998-11-01,46.892117
1998-12-01,44.431524
1999-01-01,48.6323
1999-02-01,49.339021
1999-03-01,50.615668
1999-04-01,52.60601
1999-05-01,51.544
1999-06-01,55.678149
1999-07-01,54.629179
1999-08-01,56.835429
1999-09-01,57.780981
1999-10-01,59.388319
1999-11-01,60.043902
1999-12-01,62.961774
2000-01-01,61.672507
2000-02-01,62.105256
2000-03-01,64.442039
2000-04-01,62.317392
2000-05-01,62.269789
2000-06-01,60.583524
2000-07-01,60.070119
2000-08-01,60.568982
2000-09-01,59.709531
2000-10-01,58.72245
2000-11-01,55.644543
2000-12-01,54.214013
2001-01-01,52.229123
2001-02-01,50.874819
2001-03-01,46.400805
2001-04-01,48.448587
2001-05-01,51.610589
2001-06-01,48.076686
2001-07-01,53.852949
2001-08-01,47.908755
2001-09-01,47.114672
2001-10-01,45.411316
2001-11-01,48.237215
2001-12-01,48.555131
2002-01-01,51.20508
2002-02-01,53.694662
2002-03-01,54.287643
2002-04-01,54.261583
2002-05-01,57.302694
2002-06-01,56.008589
2002-07-01,54.254549
2002-08-01,54.184061
2002-09-01,53.975676
2002-10-01,53.167647
2002-11-01,54.407874
2002-12-01,54.729087
2003-01-01,57.249059
2003-02-01,55.96227
2003-03-01,49.407265
2003-04-01,51.718324
2003-05-01,48.091022
2003-06-01,49.502839
2003-07-01,51.698236
2003-08-01,52.427018
2003-09-01,50.513514
2003-10-01,53.187056
2003-11-01,57.076488
2003-12-01,56.977627
2004-01-01,57.667905
2004-02-01,56.524975
2004-03-01,61.088978
2004-04-01,60.798437
2004-05-01,59.485667
2004-06-01,59.285944
2004-07-01,57.347049
2004-08-01,57.640676
2004-09-01,57.554805
2004-10-01,57.504587
2004-11-01,55.275395
2004-12-01,56.289205
2005-01-01,55.361332
2005-02-01,55.0045
2005-03-01,54.248353
2005-04-01,52.82552
2005-05-01,52.977958
2005-06-01,51.811822
2005-07-01,53.860157
2005-08-01,55.248895
2005-09-01,56.299333
2005-10-01,57.124808
2005-11-01,57.386193
2005-12-01,57.505795
2006-01-01,57.652928
2006-02-01,58.354732
2006-03-01,61.751451
2006-04-01,60.953014
2006-05-01,61.906227
2006-06-01,62.768431
2006-07-01,62.466691
2006-08-01,61.252628
2006-09-01,61.574077
2006-10-01,59.604471
2006-11-01,63.208542
2006-12-01,63.77048
2007-01-01,61.798181
2007-02-01,63.12443
2007-03-01,59.881635
2007-04-01,59.507093
2007-05-01,58.831482
2007-06-01,58.932917
2007-07-01,58.091274
2007-08-01,57.404524
2007-09-01,57.539144
2007-10-01,58.505096
2007-11-01,57.209305
2007-12-01,56.687295
2008-01-01,55.226448
2008-02-01,55.786766
2008-03-01,54.555231
2008-04-01,50.676928
2008-05-01,50.518347
2008-06-01,48.778347
2008-07-01,45.555845
2008-08-01,46.868731
2008-09-01,41.33505
2008-10-01,38.16147
2008-11-01,34.999518
2008-12-01,34.01873
2009-01-01,34.207894
2009-02-01,34.071936
2009-03-01,37.107451
2009-04-01,39.310554
2009-05-01,43.365387
2009-06-01,49.570135
2009-07-01,52.031479
2009-08-01,54.04532
2009-09-01,56.088944
2009-10-01,57.114442
2009-11-01,58.442555
2009-12-01,59.99046
2010-01-01,61.861705
2010-02-01,61.01959
2010-03-01,60.913927
2010-04-01,63.236977
2010-05-01,64.859119
2010-06-01,60.764487
2010-07-01,61.664854
2010-08-01,62.035396
2010-09-01,63.61485
2010-10-01,62.595642
2010-11-01,63.543224
2010-12-01,62.012229
2011-01-01,60.806806
2011-02-01,60.28389
2011-03-01,57.942425
2011-04-01,58.835044
2011-05-01,54.824205
2011-06-01,51.616554
2011-07-01,47.251211
2011-08-01,50.329048
2011-09-01,48.696741
2011-10-01,51.279747
2011-11-01,49.591382
2011-12-01,50.590032
2012-01-01,50.337963
2012-02-01,49.508547
2012-03-01,49.394864
2012-04-01,49.250683
2012-05-01,48.10513
2012-06-01,47.544397
2012-07-01,48.578804
2012-08-01,47.043833
2012-09-01,45.410085
2012-10-01,44.766993
2012-11-01,44.648029
2012-12-01,45.648048
2013-01-01,47.836795
2013-02-01,50.433524
2013-03-01,51.211953
2013-04-01,48.537631
2013-05-01,51.422019
2013-06-01,53.358073
2013-07-01,49.730133
2013-08-01,54.682755
2013-09-01,57.042835
2013-10-01,53.721685
2013-11-01,57.003339
2013-12-01,52.475077
2014-01-01,54.698561
2014-02-01,54.129078
2014-03-01,55.362301
2014-04-01,54.433417
2014-05-01,53.681349
2014-06-01,54.966266
2014-07-01,54.036938
2014-08-01,53.583763
2014-09-01,54.191038
2014-10-01,53.63832
2014-11-01,53.053092
2014-12-01,55.074339
2015-01-01,53.471613
2015-02-01,52.847632
2015-03-01,52.949125
2015-04-01,54.996935
2015-05-01,54.615445
2015-06-01,53.2655
2015-07-01,54.436032
2015-08-01,56.303604
2015-09-01,53.926598
2015-10-01,54.523616
2015-11-01,54.638234
2015-12-01,55.269007
2016-01-01,54.063643
2016-02-01,51.09224
2016-03-01,52.140576
2016-04-01,53.710739
2016-05-01,53.967961
2016-06-01,53.685925
2016-07-01,54.706107
2016-08-01,53.811853
2016-09-01,55.505235
2016-10-01,59.43288
2016-11-01,56.707427
2016-12-01,59.346668
2017-01-01,61.071362
2017-02-01,60.029768
2017-03-01,64.347968
2017-04-01,62.733026
2017-05-01,58.68781
2017-06-01,63.449244
2017-07-01,59.428461
2017-08-01,57.447473
2017-09-01,64.339336
2017-10-01,59.936546
2017-11-01,62.630437
2017-12-01,59.36964
2018-01-01,55.997594
2018-02-01,58.519603
2018-03-01,55.010639
2018-04-01,54.976846
2018-05-01,55.591055
2018-06-01,55.513113
2018-07-01,56.467192
2018-08-01,55.027097
2018-09-01,55.9049
2018-10-01,55.781364
2018-11-01,56.277206
2018-12-01,51.96305
2019-01-01,51.42967
2019-02-01,51.221434
2019-03-01,52.515949
2019-04-01,50.552273
2019-05-01,52.922335
2019-06-01,52.705398
2019-07-01,51.576323
2019-08-01,52.315942
2019-09-01,46.492946
2019-10-01,46.340117
2019-11-01,46.173803
2019-12-01,46.626953
2020-01-01,51.023173
2020-02-01,52.361032
2020-03-01,43.540834
2020-04-01,35.997848
2020-05-01,39.852718
2020-06-01,49.180314
2020-07-01,51.918663
2020-08-01,55.116061
2020-09-01,56.661587
2020-10-01,59.153258
2020-11-01,59.852706
2020-12-01,64.46743
2021-01-01,61.98852
2021-02-01,61.586496
2021-03-01,64.258049
2021-04-01,68.534137
2021-05-01,65.791915
2021-06-01,65.725266
2021-07-01,64.758298
2021-08-01,60.644477
2021-09-01,65.207169
2021-10-01,64.522077
2021-11-01,62.92862
2021-12-01,61.180083
2022-01-01,61.925183
2022-02-01,57.58993
2022-03-01,56.893427
2022-04-01,54.175248
2022-05-01,54.553784
2022-06-01,52.846862
2022-07-01,51.807597
2022-08-01,49.746293
2022-09-01,49.911206
2022-10-01,47.12793
2022-11-01,45.660348
2022-12-01,45.90017
2023-01-01,47.011447
2023-02-01,46.935576
2023-03-01,45.516038
2023-04-01,45.158775
2023-05-01,40.40011
2023-06-01,44.593836
2023-07-01,48.374295
2023-08-01,45.785194
2023-09-01,44.208896
2023-10-01,46.373003
2023-11-01,48.992733
2023-12-01,49.115916
2024-01-01,47.585368
2024-02-01,49.330665
2024-03-01,50.266241
2024-04-01,51.13063
2024-05-01,54.105123
2024-06-01,52.9547
2024-07-01,49.548207
2024-08-01,52.536184
2024-09-01,51.358919
2024-10-01,53.129218
2024-11-01,53.871533
2024-12-01,52.555913
2025-01-01,53.312936
2025-02-01,53.440799
2025-03-01,53.84099
2025-04-01,53.872145
2025-05-01,53.504378
2025-06-01,51.312932
2025-07-01,54.792657
2025-08-01,55.296848
2025-09-01,55.675777
2025-10-01,55.231361
2025-11-01,54.883301
2025-12-01,55.626465
2026-01-01,56.203434
2026-02-01,56.050486
2026-03-01,56.301633
2026-04-01,56.87619
2026-05-01,57.079939
2026-06-01,57.94573
2026-07-01,55.709829
2026-08-01,56.057806