Date,OMXS30
1996-07-01,365.12
1996-08-01,388.18
1996-09-01,404.58
1996-10-01,416.46
1996-11-01,451.84
1996-12-01,469.29
1997-01-01,502.59
1997-02-01,520.77
1997-03-01,546.02
1997-04-01,520.43
1997-05-01,553.95
1997-06-01,601.84
1997-07-01,647.06
1997-08-01,605.17
1997-09-01,652.85
1997-10-01,575.49
1997-11-01,609.1
1997-12-01,599.71
1998-01-01,627.14
1998-02-01,683.34
1998-03-01,725.23
1998-04-01,737.02
1998-05-01,765.59
1998-06-01,776.52
1998-07-01,769.37
1998-08-01,657.78
1998-09-01,586.86
1998-10-01,624.42
1998-11-01,709.27
1998-12-01,701.31
1999-01-01,722.37
1999-02-01,732.73
1999-03-01,742.87
1999-04-01,776.95
1999-05-01,772.98
1999-06-01,829.14
1999-07-01,823.27
1999-08-01,836.92
1999-09-01,832.34
1999-10-01,923
1999-11-01,1030.97
1999-12-01,1198.97
2000-01-01,1220.23
2000-02-01,1433.08
2000-03-01,1383.66
2000-04-01,1429.61
2000-05-01,1377.15
2000-06-01,1315.1
2000-07-01,1320.12
2000-08-01,1336.87
2000-09-01,1218.17
2000-10-01,1179.31
2000-11-01,1095.43
2000-12-01,1056.11
2001-01-01,1112.58
2001-02-01,975.65
2001-03-01,831.77
2001-04-01,934.49
2001-05-01,926.68
2001-06-01,879.73
2001-07-01,868.86
2001-08-01,793.64
2001-09-01,703.22
2001-10-01,741.92
2001-11-01,835.06
2001-12-01,846.49
2002-01-01,782.02
2002-02-01,783.64
2002-03-01,798.61
2002-04-01,714.34
2002-05-01,659.89
2002-06-01,607.9
2002-07-01,541.32
2002-08-01,525.83
2002-09-01,445.65
2002-10-01,511.32
2002-11-01,575.24
2002-12-01,493.2
2003-01-01,477.8
2003-02-01,469.97
2003-03-01,457.78
2003-04-01,521.92
2003-05-01,514.46
2003-06-01,531.46
2003-07-01,571.01
2003-08-01,586.43
2003-09-01,567.02
2003-10-01,617.57
2003-11-01,614.52
2003-12-01,636.29
2004-01-01,673.91
2004-02-01,698.18
2004-03-01,690.28
2004-04-01,685.59
2004-05-01,673.95
2004-06-01,698.13
2004-07-01,683.3
2004-08-01,685.03
2004-09-01,705.76
2004-10-01,702.55
2004-11-01,743.34
2004-12-01,741.88
2005-01-01,741.5
2005-02-01,769.97
2005-03-01,770.39
2005-04-01,749.54
2005-05-01,792.39
2005-06-01,822.49
2005-07-01,863.84
2005-08-01,849.51
2005-09-01,896.29
2005-10-01,882.63
2005-11-01,911.16
2005-12-01,960.01
2006-01-01,961.98
2006-02-01,995.01
2006-03-01,1059.94
2006-04-01,1036.87
2006-05-01,948.05
2006-06-01,956.49
2006-07-01,946.26
2006-08-01,994.16
2006-09-01,1039.34
2006-10-01,1085.56
2006-11-01,1068.07
2006-12-01,1147.27
2007-01-01,1185.98
2007-02-01,1157.84
2007-03-01,1214.41
2007-04-01,1273.83
2007-05-01,1276.32
2007-06-01,1254.86
2007-07-01,1243.87
2007-08-01,1213.24
2007-09-01,1221.54
2007-10-01,1183.2
2007-11-01,1106.71
2007-12-01,1081.44
2008-01-01,949.04
2008-02-01,965.29
2008-03-01,952.13
2008-04-01,986.06
2008-05-01,1004.9
2008-06-01,857.65
2008-07-01,867.44
2008-08-01,870.86
2008-09-01,768.49
2008-10-01,638.91
2008-11-01,641.74
2008-12-01,662.33
2009-01-01,617.38
2009-02-01,640.39
2009-03-01,653.05
2009-04-01,763.89
2009-05-01,776.5
2009-06-01,795.8
2009-07-01,882.05
2009-08-01,904.84
2009-09-01,896.76
2009-10-01,944.67
2009-11-01,936.19
2009-12-01,951.72
2010-01-01,953.71
2010-02-01,947.39
2010-03-01,1021.08
2010-04-01,1053.88
2010-05-01,980.63
2010-06-01,1005.93
2010-07-01,1047.26
2010-08-01,1011.7
2010-09-01,1087.71
2010-10-01,1089.32
2010-11-01,1107.05
2010-12-01,1155.57
2011-01-01,1147.22
2011-02-01,1128.66
2011-03-01,1134.87
2011-04-01,1162.84
2011-05-01,1151.36
2011-06-01,1115.23
2011-07-01,1065.97
2011-08-01,954.63
2011-09-01,910.17
2011-10-01,990.44
2011-11-01,979.36
2011-12-01,987.85
2012-01-01,1036.34
2012-02-01,1101.76
2012-03-01,1074.48
2012-04-01,1059.62
2012-05-01,975.98
2012-06-01,1019.06
2012-07-01,1068.16
2012-08-01,1043.93
2012-09-01,1072.45
2012-10-01,1052.11
2012-11-01,1085.85
2012-12-01,1104.73
2013-01-01,1169.17
2013-02-01,1199.4
2013-03-01,1201.19
2013-04-01,1198.99
2013-05-01,1214.77
2013-06-01,1151
2013-07-01,1234.07
2013-08-01,1214.35
2013-09-01,1259.6
2013-10-01,1283.52
2013-11-01,1307.71
2013-12-01,1332.95
2014-01-01,1304.45
2014-02-01,1369.13
2014-03-01,1364.97
2014-04-01,1364.39
2014-05-01,1402.08
2014-06-01,1376.81
2014-07-01,1379.87
2014-08-01,1388.89
2014-09-01,1403
2014-10-01,1412.84
2014-11-01,1461.34
2014-12-01,1464.55
2015-01-01,1573.62
2015-02-01,1691.03
2015-03-01,1667.73
2015-04-01,1628.04
2015-05-01,1644.99
2015-06-01,1541.66
2015-07-01,1615.64
2015-08-01,1501.07
2015-09-01,1416.89
2015-10-01,1499.23
2015-11-01,1536.05
2015-12-01,1446.82
2016-01-01,1356.32
2016-02-01,1372.54
2016-03-01,1365.7
2016-04-01,1360.71
2016-05-01,1369.48
2016-06-01,1323.57
2016-07-01,1386.66
2016-08-01,1418.14
2016-09-01,1439.08
2016-10-01,1446.35
2016-11-01,1481.14
2016-12-01,1517.2
2017-01-01,1536.75
2017-02-01,1570.17
2017-03-01,1587.63
2017-04-01,1626.99
2017-05-01,1639.11
2017-06-01,1602.53
2017-07-01,1548.19
2017-08-01,1546.86
2017-09-01,1637.82
2017-10-01,1671.63
2017-11-01,1610.11
2017-12-01,1576.94
2018-01-01,1593.15
2018-02-01,1583.39
2018-03-01,1535.35
2018-04-01,1570.71
2018-05-01,1549.94
2018-06-01,1558.88
2018-07-01,1615.6
2018-08-01,1658.16
2018-09-01,1662.36
2018-10-01,1538.22
2018-11-01,1514.63
2018-12-01,1408.74
2019-01-01,1515.42
2019-02-01,1572.68
2019-03-01,1553.42
2019-04-01,1676.14
2019-05-01,1510.46
2019-06-01,1622.43
2019-07-01,1599.78
2019-08-01,1576.98
2019-09-01,1647.67
2019-10-01,1733.68
2019-11-01,1730.25
2019-12-01,1771.85
2020-01-01,1783.26
2020-02-01,1668.84
2020-03-01,1482.43
2020-04-01,1577.92
2020-05-01,1629.76
2020-06-01,1664.38
2020-07-01,1707.35
2020-08-01,1766.33
2020-09-01,1829.4
2020-10-01,1717.62
2020-11-01,1917.54
2020-12-01,1874.74
2021-01-01,1948.79
2021-02-01,2009.9
2021-03-01,2192.86
2021-04-01,2217.02
2021-05-01,2241.87
2021-06-01,2263.13
2021-07-01,2369.89
2021-08-01,2351.25
2021-09-01,2259.18
2021-10-01,2290.85
2021-11-01,2241.66
2021-12-01,2419.73
2022-01-01,2290.16
2022-02-01,2134.07
2022-03-01,2095.17
2022-04-01,2058.9
2022-05-01,2042.64
2022-06-01,1872.68
2022-07-01,2032.53
2022-08-01,1920.23
2022-09-01,1828.98
2022-10-01,1968.53
2022-11-01,2102.42
2022-12-01,2043.4
2023-01-01,2198.54
2023-02-01,2226.75
2023-03-01,2223.74
2023-04-01,2270.58
2023-05-01,2234.96
2023-06-01,2309.9
2023-07-01,2250.92
2023-08-01,2184.74
2023-09-01,2155.49
2023-10-01,2075.79
2023-11-01,2232.46
2023-12-01,2396.07
2024-01-01,2356.6
2024-02-01,2452.81
2024-03-01,2518.27
2024-04-01,2556.4
2024-05-01,2604.1
2024-06-01,2569.45
2024-07-01,2609.33
2024-08-01,2595.96
2024-09-01,2626.44
2024-10-01,2542.41
2024-11-01,2513.85
2024-12-01,2483.12
2025-01-01,2670.54
2025-02-01,2724.7
2025-03-01,2494.06
2025-04-01,2434.06
2025-05-01,2496.04
2025-06-01,2493.49
2025-07-01,2580.05
2025-08-01,2625.7
2025-09-01,2662.8
2025-10-01,2767.07
2025-11-01,2787.77
2025-12-01,2882.97
2026-01-01,3026.57
2026-02-01,3222.75
2026-03-01,2929.33
2026-04-01,3060.48
2026-05-01,3138.09
2026-06-01,3203.22
2026-07-01,3246.92
2026-08-01,3309.18
2026-09-01,3255.23